{
    "train_accuracy": 0.9511091709136963,
    "val_accuracy": 0.9739640951156616,
    "train_loss": 0.20372095704078674,
    "val_loss": 0.08823956549167633,
    "final_accuracy": 0.973002151254634,
    "confusion_matrix": [
        [
            45683,
            199,
            39,
            0,
            6
        ],
        [
            182,
            64332,
            580,
            1502,
            747
        ],
        [
            12,
            53,
            11570,
            3,
            18
        ],
        [
            0,
            45,
            1,
            891,
            5
        ],
        [
            0,
            0,
            0,
            9,
            96
        ]
    ],
    "classification_report": {
        "DoS": {
            "precision": 0.9957713015236394,
            "recall": 0.9946872210246696,
            "f1-score": 0.9952289660581238,
            "support": 45927.0
        },
        "Normal": {
            "precision": 0.9954045397576939,
            "recall": 0.9552885971815928,
            "f1-score": 0.9749340769254085,
            "support": 67343.0
        },
        "Probe": {
            "precision": 0.9491386382280558,
            "recall": 0.9926218256691832,
            "f1-score": 0.9703933573764992,
            "support": 11656.0
        },
        "R2L": {
            "precision": 0.3704781704781705,
            "recall": 0.945859872611465,
            "f1-score": 0.5324170899312818,
            "support": 942.0
        },
        "U2R": {
            "precision": 0.11009174311926606,
            "recall": 0.9142857142857143,
            "f1-score": 0.19651995905834185,
            "support": 105.0
        },
        "accuracy": 0.973002151254634,
        "macro avg": {
            "precision": 0.6841768786213651,
            "recall": 0.960548646154525,
            "f1-score": 0.733898689869931,
            "support": 125973.0
        },
        "weighted avg": {
            "precision": 0.9858463839297529,
            "recall": 0.973002151254634,
            "f1-score": 0.9779551390737388,
            "support": 125973.0
        }
    }
}